text,expected_entities
"Contrat de location :
- Locataire : Grégoire-Julien Chauvet
- CIN : HK56938
- Téléphone : +212637506497
- Adresse : 62, avenue Célina Caron, 97389 Bernard
- Email : henriettecourtois@example.org","['PERSON', 'ID_MAROC', 'PHONE_NUMBER', 'LOCATION', 'EMAIL_ADDRESS']"
"Contrat de location :
- Locataire : Christelle Raymond-Hamon
- CIN : NF90273
- Téléphone : +212613130719
- Adresse : 96, rue de Rivière, 06823 De Sousa-sur-Chevalier
- Email : tpelletier@example.org","['PERSON', 'ID_MAROC', 'PHONE_NUMBER', 'LOCATION', 'EMAIL_ADDRESS']"
"Transaction #772013:
- Client : Laurence Le Delahaye
- Montant : 1220 MAD
- Destinataire : IBAN FR1463648284987662786876248
- Date : 2025-04-04","['PERSON', 'IBAN_CODE', 'DATE_TIME']"
"Transaction #578241:
- Client : Lucas Le Riou
- Montant : 6644 MAD
- Destinataire : IBAN FR4302746009801256976434185
- Date : 2025-01-08","['PERSON', 'IBAN_CODE', 'DATE_TIME']"
"Transaction #294251:
- Client : Victor Bouvet
- Montant : 3287 MAD
- Destinataire : IBAN FR9344897357784668917128676
- Date : 2025-04-27","['PERSON', 'IBAN_CODE', 'DATE_TIME']"
"Document d'identité :
- Nom : Laure du Marques
- CIN : DM58677
- Date de naissance : 12/06/2010
- Adresse : 34, rue de Bousquet, 78127 Grosnec","['PERSON', 'ID_MAROC', 'DATE_TIME', 'LOCATION']"
"Contrat de location :
- Locataire : Emmanuelle Le Navarro
- CIN : YY44853
- Téléphone : +212625714059
- Adresse : rue de Da Silva, 53373 Delmas-sur-Roger
- Email : valleeetienne@example.org","['PERSON', 'ID_MAROC', 'PHONE_NUMBER', 'LOCATION', 'EMAIL_ADDRESS']"
"Contrat de location :
- Locataire : Audrey-Louise Durand
- CIN : QS47318
- Téléphone : +212601274236
- Adresse : 347, rue de Torres, 27295 Faivre-la-Forêt
- Email : pruvostcaroline@example.org","['PERSON', 'ID_MAROC', 'PHONE_NUMBER', 'LOCATION', 'EMAIL_ADDRESS']"
"Contrat de location :
- Locataire : Claudine du Renaud
- CIN : AK39682
- Téléphone : +212667013524
- Adresse : 11, boulevard Fontaine, 64638 LeclercqVille
- Email : morinchristelle@example.com","['PERSON', 'ID_MAROC', 'PHONE_NUMBER', 'LOCATION', 'EMAIL_ADDRESS']"
"Document d'identité :
- Nom : Grégoire Bruneau du Huet
- CIN : SS34909
- Date de naissance : 08/10/1982
- Adresse : chemin de Perret, 74739 HernandezBourg","['PERSON', 'ID_MAROC', 'DATE_TIME', 'LOCATION']"
"Contrat de location :
- Locataire : Michel Nicolas
- CIN : OH21740
- Téléphone : +212683670355
- Adresse : 174, rue Sauvage, 28919 Becker
- Email : samsonsuzanne@example.com","['PERSON', 'ID_MAROC', 'PHONE_NUMBER', 'LOCATION', 'EMAIL_ADDRESS']"
"Document d'identité :
- Nom : Patrick Coulon
- CIN : FD50181
- Date de naissance : 14/03/1956
- Adresse : 332, rue Hortense Toussaint, 75319 Lesage","['PERSON', 'ID_MAROC', 'DATE_TIME', 'LOCATION']"
"Transaction #440293:
- Client : Benjamin-Isaac Salmon
- Montant : 974 MAD
- Destinataire : IBAN FR1558293243897401394110547
- Date : 2025-04-14","['PERSON', 'IBAN_CODE', 'DATE_TIME']"
"Transaction #335654:
- Client : Brigitte Langlois-Guillon
- Montant : 4658 MAD
- Destinataire : IBAN FR6739984097790548165449216
- Date : 2025-04-18","['PERSON', 'IBAN_CODE', 'DATE_TIME']"
"Document d'identité :
- Nom : Frédérique Le Hubert
- CIN : KX90552
- Date de naissance : 17/09/1937
- Adresse : 4, rue Antoine, 09997 Saint Rogerboeuf","['PERSON', 'ID_MAROC', 'DATE_TIME', 'LOCATION']"
"Email de Ribeiro :
Objet : Facture #126077
Bonjour Constance Renaud, votre paiement par carte Diners Club / Carte Blanche terminée par 5709 a été enregistré le 2025-05-21.","['PERSON', 'CREDIT_CARD', 'DATE_TIME']"
"Document d'identité :
- Nom : Anouk-Lucy Olivier
- CIN : EC07939
- Date de naissance : 31/05/1949
- Adresse : 49, boulevard de Barthelemy, 13157 Tanguy","['PERSON', 'ID_MAROC', 'DATE_TIME', 'LOCATION']"
"Document d'identité :
- Nom : Christiane Guyot
- CIN : AR65490
- Date de naissance : 03/05/1995
- Adresse : 310, avenue de Carre, 67492 Baron-sur-Bruneau","['PERSON', 'ID_MAROC', 'DATE_TIME', 'LOCATION']"
"Contrat de location :
- Locataire : Richard Gallet
- CIN : CN38209
- Téléphone : +212604579531
- Adresse : boulevard Emmanuelle De Sousa, 67562 Nguyendan
- Email : nicole01@example.org","['PERSON', 'ID_MAROC', 'PHONE_NUMBER', 'LOCATION', 'EMAIL_ADDRESS']"
"Document d'identité :
- Nom : François du Martel
- CIN : OJ78470
- Date de naissance : 04/04/2024
- Adresse : 48, avenue Gabriel Bouvet, 87412 Gonzalezdan","['PERSON', 'ID_MAROC', 'DATE_TIME', 'LOCATION']"
"Document d'identité :
- Nom : Dorothée Mahe
- CIN : DD45404
- Date de naissance : 10/02/2013
- Adresse : 85, chemin de Turpin, 08739 Imbertdan","['PERSON', 'ID_MAROC', 'DATE_TIME', 'LOCATION']"
"Transaction #144002:
- Client : Isabelle Martel
- Montant : 8771 MAD
- Destinataire : IBAN FR7013920175880598403810976
- Date : 2025-02-08","['PERSON', 'IBAN_CODE', 'DATE_TIME']"
"Contrat de location :
- Locataire : Vincent-Émile Poirier
- CIN : ZM06324
- Téléphone : +212664134136
- Adresse : 69, chemin Seguin, 22950 LopesBourg
- Email : carreetienne@example.org","['PERSON', 'ID_MAROC', 'PHONE_NUMBER', 'LOCATION', 'EMAIL_ADDRESS']"
"Transaction #681581:
- Client : Nicolas Legrand
- Montant : 9111 MAD
- Destinataire : IBAN FR4417847491916535140420147
- Date : 2025-04-12","['PERSON', 'IBAN_CODE', 'DATE_TIME']"
"Email de Loiseau :
Objet : Facture #18736
Bonjour Aimé Dubois, votre paiement par carte VISA 16 digit terminée par 3201 a été enregistré le 2025-05-05.","['PERSON', 'CREDIT_CARD', 'DATE_TIME']"
"Transaction #554979:
- Client : Grégoire Lacombe
- Montant : 776 MAD
- Destinataire : IBAN FR2144744854008823191739963
- Date : 2025-02-11","['PERSON', 'IBAN_CODE', 'DATE_TIME']"
"Contrat de location :
- Locataire : Laurent de la Petitjean
- CIN : WB37806
- Téléphone : +212611521253
- Adresse : 29, rue Sophie Dos Santos, 19711 PelletierVille
- Email : jacqueline06@example.com","['PERSON', 'ID_MAROC', 'PHONE_NUMBER', 'LOCATION', 'EMAIL_ADDRESS']"
"Contrat de location :
- Locataire : Émilie de Alexandre
- CIN : IO92832
- Téléphone : +212607748830
- Adresse : 96, boulevard Andre, 43951 Bouvier
- Email : hteixeira@example.org","['PERSON', 'ID_MAROC', 'PHONE_NUMBER', 'LOCATION', 'EMAIL_ADDRESS']"
"Email de Guyon SARL :
Objet : Facture #232254
Bonjour Célina Poirier-Antoine, votre paiement par carte Diners Club / Carte Blanche terminée par 3498 a été enregistré le 2025-05-16.","['PERSON', 'CREDIT_CARD', 'DATE_TIME']"
"Document d'identité :
- Nom : Léon Blondel
- CIN : UG45968
- Date de naissance : 31/12/1991
- Adresse : boulevard Rémy Benard, 31709 DuhamelBourg","['PERSON', 'ID_MAROC', 'DATE_TIME', 'LOCATION']"
"Email de Aubert Ferrand S.A.S. :
Objet : Facture #356677
Bonjour Claudine Lenoir, votre paiement par carte Discover terminée par 4669 a été enregistré le 2025-05-08.","['PERSON', 'CREDIT_CARD', 'DATE_TIME']"
"Document d'identité :
- Nom : Élise Le Fontaine
- CIN : PV71442
- Date de naissance : 01/02/1935
- Adresse : 11, avenue de Godard, 30611 Roux","['PERSON', 'ID_MAROC', 'DATE_TIME', 'LOCATION']"
"Transaction #188554:
- Client : Auguste-Frédéric Joseph
- Montant : 9940 MAD
- Destinataire : IBAN FR5633286208695657282391533
- Date : 2025-01-26","['PERSON', 'IBAN_CODE', 'DATE_TIME']"
"Document d'identité :
- Nom : Aurélie Grenier
- CIN : LE50483
- Date de naissance : 14/02/1944
- Adresse : 51, boulevard Clémence Léger, 51670 Muller-sur-Munoz","['PERSON', 'ID_MAROC', 'DATE_TIME', 'LOCATION']"
"Document d'identité :
- Nom : Grégoire Barre
- CIN : GH77544
- Date de naissance : 31/10/1999
- Adresse : 69, avenue Julien Blondel, 39595 Gilbert","['PERSON', 'ID_MAROC', 'DATE_TIME', 'LOCATION']"
"Contrat de location :
- Locataire : Charles Evrard
- CIN : OJ04565
- Téléphone : +212609886765
- Adresse : 46, avenue Zacharie Delannoy, 53877 Sainte René
- Email : catherine49@example.net","['PERSON', 'ID_MAROC', 'PHONE_NUMBER', 'LOCATION', 'EMAIL_ADDRESS']"
"Document d'identité :
- Nom : Noël Letellier
- CIN : QY46781
- Date de naissance : 10/12/1942
- Adresse : 35, rue de Pichon, 94463 Rodriguez","['PERSON', 'ID_MAROC', 'DATE_TIME', 'LOCATION']"
"Email de Menard :
Objet : Facture #68867
Bonjour Josette Alves, votre paiement par carte VISA 16 digit terminée par 3176 a été enregistré le 2025-05-16.","['PERSON', 'CREDIT_CARD', 'DATE_TIME']"
"Email de Thomas :
Objet : Facture #608958
Bonjour Mathilde Pasquier de Legendre, votre paiement par carte American Express terminée par 6344 a été enregistré le 2025-05-18.","['PERSON', 'CREDIT_CARD', 'DATE_TIME']"
"Transaction #249196:
- Client : Paul Daniel
- Montant : 2490 MAD
- Destinataire : IBAN FR2850094519255848556388209
- Date : 2025-05-21","['PERSON', 'IBAN_CODE', 'DATE_TIME']"
"Contrat de location :
- Locataire : Thérèse-Laetitia Jacques
- CIN : GR37369
- Téléphone : +212680183938
- Adresse : 88, boulevard Adrienne Morin, 83140 Hoaraudan
- Email : lucevallee@example.com","['PERSON', 'ID_MAROC', 'PHONE_NUMBER', 'LOCATION', 'EMAIL_ADDRESS']"
"Document d'identité :
- Nom : Éric Fernandez-Leduc
- CIN : DL26927
- Date de naissance : 03/05/1997
- Adresse : 2, chemin Dominique Bertrand, 32808 Maillet-sur-Leduc","['PERSON', 'ID_MAROC', 'DATE_TIME', 'LOCATION']"
"Contrat de location :
- Locataire : Brigitte Moreno du Dias
- CIN : EK24066
- Téléphone : +212608219615
- Adresse : boulevard de Bousquet, 94483 Hubert
- Email : pelletierlaurence@example.org","['PERSON', 'ID_MAROC', 'PHONE_NUMBER', 'LOCATION', 'EMAIL_ADDRESS']"
"Email de Mallet Fischer SARL :
Objet : Facture #971551
Bonjour Isaac Georges-Boulay, votre paiement par carte Discover terminée par 5984 a été enregistré le 2025-05-13.","['PERSON', 'CREDIT_CARD', 'DATE_TIME']"
"Email de Fischer Roussel S.A. :
Objet : Facture #824880
Bonjour Richard Goncalves, votre paiement par carte JCB 16 digit terminée par 2151 a été enregistré le 2025-05-09.","['PERSON', 'CREDIT_CARD', 'DATE_TIME']"
"Email de Morin et Fils :
Objet : Facture #523644
Bonjour Madeleine Blondel, votre paiement par carte Mastercard terminée par 2602 a été enregistré le 2025-05-17.","['PERSON', 'CREDIT_CARD', 'DATE_TIME']"
"Email de Tessier :
Objet : Facture #352821
Bonjour Laetitia François, votre paiement par carte Discover terminée par 8721 a été enregistré le 2025-05-23.","['PERSON', 'CREDIT_CARD', 'DATE_TIME']"
"Email de Perret SA :
Objet : Facture #772728
Bonjour Christelle Laurent, votre paiement par carte Maestro terminée par 1811 a été enregistré le 2025-05-11.","['PERSON', 'CREDIT_CARD', 'DATE_TIME']"
"Transaction #825641:
- Client : Andrée Hardy
- Montant : 5224 MAD
- Destinataire : IBAN FR0474560976682691390166602
- Date : 2025-03-17","['PERSON', 'IBAN_CODE', 'DATE_TIME']"
"Document d'identité :
- Nom : Caroline Merle
- CIN : KM16579
- Date de naissance : 30/08/1944
- Adresse : rue Sébastien Loiseau, 46974 Petitjean","['PERSON', 'ID_MAROC', 'DATE_TIME', 'LOCATION']"
"Document d'identité :
- Nom : Étienne Le Maillot
- CIN : FW20196
- Date de naissance : 01/10/1968
- Adresse : 3, boulevard Lucas Leclercq, 95208 Vallet","['PERSON', 'ID_MAROC', 'DATE_TIME', 'LOCATION']"
"Document d'identité :
- Nom : Cécile Le Lucas
- CIN : YE34578
- Date de naissance : 15/11/1957
- Adresse : 3, rue Claude Collet, 97392 Grondin-les-Bains","['PERSON', 'ID_MAROC', 'DATE_TIME', 'LOCATION']"
"Contrat de location :
- Locataire : Christine Blondel
- CIN : AM02559
- Téléphone : +212688659133
- Adresse : 56, rue de Faure, 30700 Sainte Auguste-les-Bains
- Email : roland99@example.com","['PERSON', 'ID_MAROC', 'PHONE_NUMBER', 'LOCATION', 'EMAIL_ADDRESS']"
"Email de Lagarde :
Objet : Facture #839170
Bonjour Benoît Durand, votre paiement par carte Mastercard terminée par 6913 a été enregistré le 2025-05-25.","['PERSON', 'CREDIT_CARD', 'DATE_TIME']"
"Transaction #168260:
- Client : Pierre Descamps
- Montant : 3352 MAD
- Destinataire : IBAN FR4717575215783066256771162
- Date : 2025-03-15","['PERSON', 'IBAN_CODE', 'DATE_TIME']"
"Document d'identité :
- Nom : Éric-Frédéric Lemonnier
- CIN : GQ86555
- Date de naissance : 29/07/1921
- Adresse : 14, avenue de Tanguy, 73218 Boutin","['PERSON', 'ID_MAROC', 'DATE_TIME', 'LOCATION']"
"Contrat de location :
- Locataire : Michelle Laporte du Pires
- CIN : JF67255
- Téléphone : +212631132350
- Adresse : 43, avenue Océane Raynaud, 24607 Jourdanboeuf
- Email : dijouxdominique@example.com","['PERSON', 'ID_MAROC', 'PHONE_NUMBER', 'LOCATION', 'EMAIL_ADDRESS']"
"Transaction #415082:
- Client : Michelle Lebon
- Montant : 5238 MAD
- Destinataire : IBAN FR8547427947885117889702848
- Date : 2025-05-10","['PERSON', 'IBAN_CODE', 'DATE_TIME']"
"Email de Traore :
Objet : Facture #574041
Bonjour Nathalie Schmitt, votre paiement par carte VISA 16 digit terminée par 6057 a été enregistré le 2025-05-13.","['PERSON', 'CREDIT_CARD', 'DATE_TIME']"
"Document d'identité :
- Nom : Guillaume de Pereira
- CIN : DP31536
- Date de naissance : 28/10/1959
- Adresse : 7, rue de Lelièvre, 94391 Lamydan","['PERSON', 'ID_MAROC', 'DATE_TIME', 'LOCATION']"
"Contrat de location :
- Locataire : Auguste Lamy-Charles
- CIN : XJ79678
- Téléphone : +212688541866
- Adresse : 217, avenue Leroy, 90184 Leroy-sur-Perrin
- Email : alexandremaury@example.org","['PERSON', 'ID_MAROC', 'PHONE_NUMBER', 'LOCATION', 'EMAIL_ADDRESS']"
"Email de Dos Santos :
Objet : Facture #91720
Bonjour Jacques Marchand, votre paiement par carte American Express terminée par 3515 a été enregistré le 2025-05-08.","['PERSON', 'CREDIT_CARD', 'DATE_TIME']"
"Transaction #5219:
- Client : Monique Lejeune-Olivier
- Montant : 8007 MAD
- Destinataire : IBAN FR2454514792652442445481154
- Date : 2025-03-19","['PERSON', 'IBAN_CODE', 'DATE_TIME']"
"Contrat de location :
- Locataire : Eugène Gonzalez du Paris
- CIN : WT37012
- Téléphone : +212695820229
- Adresse : 53, rue Aurélie Leroux, 81728 Traore-sur-Mer
- Email : margot27@example.com","['PERSON', 'ID_MAROC', 'PHONE_NUMBER', 'LOCATION', 'EMAIL_ADDRESS']"
"Email de Bourgeois S.A. :
Objet : Facture #857663
Bonjour François Dubois, votre paiement par carte JCB 16 digit terminée par 9881 a été enregistré le 2025-05-24.","['PERSON', 'CREDIT_CARD', 'DATE_TIME']"
"Document d'identité :
- Nom : Dominique Muller
- CIN : IU30552
- Date de naissance : 13/04/2007
- Adresse : 69, avenue Barbe, 85792 Petitjean-la-Forêt","['PERSON', 'ID_MAROC', 'DATE_TIME', 'LOCATION']"
"Contrat de location :
- Locataire : Simone Navarro
- CIN : WQ40248
- Téléphone : +212655829477
- Adresse : 66, boulevard Gabriel Vincent, 04461 Pichonnec
- Email : renee20@example.com","['PERSON', 'ID_MAROC', 'PHONE_NUMBER', 'LOCATION', 'EMAIL_ADDRESS']"
"Document d'identité :
- Nom : Michèle Le Launay
- CIN : IO81558
- Date de naissance : 06/05/1918
- Adresse : 9, boulevard Evrard, 06777 Brunet","['PERSON', 'ID_MAROC', 'DATE_TIME', 'LOCATION']"
"Email de Duval Riou SA :
Objet : Facture #563323
Bonjour Isaac Denis, votre paiement par carte VISA 13 digit terminée par 4450 a été enregistré le 2025-05-01.","['PERSON', 'CREDIT_CARD', 'DATE_TIME']"
"Email de Weber Salmon et Fils :
Objet : Facture #726864
Bonjour Thomas Rey, votre paiement par carte Discover terminée par 6003 a été enregistré le 2025-05-20.","['PERSON', 'CREDIT_CARD', 'DATE_TIME']"
"Email de Daniel Maillot S.A. :
Objet : Facture #564337
Bonjour Denis Hoarau-Jean, votre paiement par carte VISA 19 digit terminée par 7827 a été enregistré le 2025-05-19.","['PERSON', 'CREDIT_CARD', 'DATE_TIME']"
"Contrat de location :
- Locataire : Jean-Philippe Morvan
- CIN : XK25832
- Téléphone : +212619963833
- Adresse : 72, boulevard Dupré, 45714 Langlois-sur-Bailly
- Email : pagesmichele@example.org","['PERSON', 'ID_MAROC', 'PHONE_NUMBER', 'LOCATION', 'EMAIL_ADDRESS']"
"Transaction #44664:
- Client : Georges Hubert de Lemoine
- Montant : 3489 MAD
- Destinataire : IBAN FR8750342796535319733479760
- Date : 2025-03-07","['PERSON', 'IBAN_CODE', 'DATE_TIME']"
"Email de Grondin Hamon SARL :
Objet : Facture #587640
Bonjour Isaac-Paul Devaux, votre paiement par carte JCB 16 digit terminée par 4443 a été enregistré le 2025-05-14.","['PERSON', 'CREDIT_CARD', 'DATE_TIME']"
"Document d'identité :
- Nom : Éléonore Martinez
- CIN : LU66336
- Date de naissance : 19/06/1959
- Adresse : 26, rue Lucy Paul, 21152 Joseph","['PERSON', 'ID_MAROC', 'DATE_TIME', 'LOCATION']"
"Contrat de location :
- Locataire : Hélène Lefebvre
- CIN : TF53903
- Téléphone : +212687425178
- Adresse : 26, chemin Gabrielle Allain, 91418 Saint Charlotte-sur-Mer
- Email : adele50@example.net","['PERSON', 'ID_MAROC', 'PHONE_NUMBER', 'LOCATION', 'EMAIL_ADDRESS']"
"Document d'identité :
- Nom : Isabelle Parent
- CIN : CF19708
- Date de naissance : 07/02/1923
- Adresse : 18, chemin Patrick Parent, 24907 Saint Danielle","['PERSON', 'ID_MAROC', 'DATE_TIME', 'LOCATION']"
"Document d'identité :
- Nom : Catherine Renard
- CIN : UU70125
- Date de naissance : 02/08/1998
- Adresse : 63, rue Thomas Arnaud, 28811 Lamy","['PERSON', 'ID_MAROC', 'DATE_TIME', 'LOCATION']"
"Transaction #424336:
- Client : Catherine de la Pruvost
- Montant : 7343 MAD
- Destinataire : IBAN FR3915448217606528530419650
- Date : 2025-02-18","['PERSON', 'IBAN_CODE', 'DATE_TIME']"
"Transaction #87657:
- Client : Raymond-Franck Coste
- Montant : 5051 MAD
- Destinataire : IBAN FR5329256135603005603988535
- Date : 2025-02-05","['PERSON', 'IBAN_CODE', 'DATE_TIME']"
"Document d'identité :
- Nom : Gilbert-Jacques Camus
- CIN : TK41773
- Date de naissance : 21/06/2011
- Adresse : 8, rue Ledoux, 44824 Bonneaudan","['PERSON', 'ID_MAROC', 'DATE_TIME', 'LOCATION']"
"Transaction #672068:
- Client : Vincent-Émile Simon
- Montant : 1359 MAD
- Destinataire : IBAN FR2772460501993276394667116
- Date : 2025-02-15","['PERSON', 'IBAN_CODE', 'DATE_TIME']"
"Transaction #495924:
- Client : Alphonse Wagner
- Montant : 9438 MAD
- Destinataire : IBAN FR1494561730983590274632723
- Date : 2025-01-20","['PERSON', 'IBAN_CODE', 'DATE_TIME']"
"Transaction #472502:
- Client : Suzanne-Margaux Valette
- Montant : 2039 MAD
- Destinataire : IBAN FR4517002309429528377269610
- Date : 2025-04-23","['PERSON', 'IBAN_CODE', 'DATE_TIME']"
"Contrat de location :
- Locataire : Joseph Gallet
- CIN : RU47111
- Téléphone : +212633647626
- Adresse : 608, rue Nguyen, 10489 Laporte
- Email : gfrancois@example.net","['PERSON', 'ID_MAROC', 'PHONE_NUMBER', 'LOCATION', 'EMAIL_ADDRESS']"
"Email de Roux :
Objet : Facture #904846
Bonjour Amélie Briand, votre paiement par carte VISA 13 digit terminée par 8938 a été enregistré le 2025-05-05.","['PERSON', 'CREDIT_CARD', 'DATE_TIME']"
"Email de Faure Lopez et Fils :
Objet : Facture #51820
Bonjour Benjamin de Diaz, votre paiement par carte JCB 15 digit terminée par 1853 a été enregistré le 2025-05-11.","['PERSON', 'CREDIT_CARD', 'DATE_TIME']"
"Transaction #783282:
- Client : Christiane Briand
- Montant : 5407 MAD
- Destinataire : IBAN FR9719065054208723533462925
- Date : 2025-05-24","['PERSON', 'IBAN_CODE', 'DATE_TIME']"
"Document d'identité :
- Nom : Grégoire Colin
- CIN : PG16173
- Date de naissance : 05/05/1968
- Adresse : 17, rue Maryse Courtois, 71642 Poirier-sur-Ribeiro","['PERSON', 'ID_MAROC', 'DATE_TIME', 'LOCATION']"
"Email de Leduc :
Objet : Facture #916411
Bonjour Henriette Rocher du Pottier, votre paiement par carte VISA 13 digit terminée par 4047 a été enregistré le 2025-05-13.","['PERSON', 'CREDIT_CARD', 'DATE_TIME']"
"Contrat de location :
- Locataire : Françoise Durand
- CIN : FY46845
- Téléphone : +212641151569
- Adresse : 34, rue Schmitt, 88629 Saint Thomas
- Email : emmanuel73@example.net","['PERSON', 'ID_MAROC', 'PHONE_NUMBER', 'LOCATION', 'EMAIL_ADDRESS']"
"Document d'identité :
- Nom : Théodore Bernard
- CIN : IO15819
- Date de naissance : 23/11/1974
- Adresse : 4, rue Louis, 54409 Rouxboeuf","['PERSON', 'ID_MAROC', 'DATE_TIME', 'LOCATION']"
"Email de Durand Gaillard S.A.R.L. :
Objet : Facture #74060
Bonjour Auguste Ferrand, votre paiement par carte VISA 16 digit terminée par 7396 a été enregistré le 2025-05-24.","['PERSON', 'CREDIT_CARD', 'DATE_TIME']"
"Email de Vincent S.A.S. :
Objet : Facture #382805
Bonjour Arthur Seguin, votre paiement par carte American Express terminée par 7017 a été enregistré le 2025-05-09.","['PERSON', 'CREDIT_CARD', 'DATE_TIME']"
"Document d'identité :
- Nom : Christiane Martin
- CIN : HE45313
- Date de naissance : 23/10/1918
- Adresse : 3, rue Juliette Blondel, 40614 Royer-les-Bains","['PERSON', 'ID_MAROC', 'DATE_TIME', 'LOCATION']"
"Transaction #245090:
- Client : Lucas Dufour
- Montant : 7494 MAD
- Destinataire : IBAN FR0792610180433685874453054
- Date : 2025-05-05","['PERSON', 'IBAN_CODE', 'DATE_TIME']"
"Contrat de location :
- Locataire : Astrid Carlier
- CIN : RJ38275
- Téléphone : +212620985867
- Adresse : 3, avenue de Gomez, 03504 Sainte Hortenseboeuf
- Email : fischermichelle@example.com","['PERSON', 'ID_MAROC', 'PHONE_NUMBER', 'LOCATION', 'EMAIL_ADDRESS']"
"Transaction #240297:
- Client : Aimée du Loiseau
- Montant : 5295 MAD
- Destinataire : IBAN FR0739847866873462947079818
- Date : 2025-01-13","['PERSON', 'IBAN_CODE', 'DATE_TIME']"
"Email de Legendre Delahaye SARL :
Objet : Facture #224519
Bonjour Colette Guillou, votre paiement par carte JCB 16 digit terminée par 1377 a été enregistré le 2025-05-02.","['PERSON', 'CREDIT_CARD', 'DATE_TIME']"
"Transaction #861713:
- Client : Auguste Gilbert
- Montant : 9133 MAD
- Destinataire : IBAN FR0727612455327003643476698
- Date : 2025-02-26","['PERSON', 'IBAN_CODE', 'DATE_TIME']"
"Contrat de location :
- Locataire : Thibaut Petit
- CIN : EG09672
- Téléphone : +212613826498
- Adresse : 89, chemin Alix Lecoq, 10876 Peron-sur-Mer
- Email : guerinines@example.com","['PERSON', 'ID_MAROC', 'PHONE_NUMBER', 'LOCATION', 'EMAIL_ADDRESS']"
"Transaction #399903:
- Client : Suzanne Ribeiro
- Montant : 6979 MAD
- Destinataire : IBAN FR3294975455810838999356838
- Date : 2025-03-29","['PERSON', 'IBAN_CODE', 'DATE_TIME']"
"Transaction #418089:
- Client : Jacques Salmon
- Montant : 6611 MAD
- Destinataire : IBAN FR5540494078656002895439551
- Date : 2025-04-07","['PERSON', 'IBAN_CODE', 'DATE_TIME']"
"Document d'identité :
- Nom : Roland Dupont
- CIN : FK18050
- Date de naissance : 12/03/2016
- Adresse : 616, rue de Masse, 97362 Berger","['PERSON', 'ID_MAROC', 'DATE_TIME', 'LOCATION']"
"Email de Roy :
Objet : Facture #238785
Bonjour Bertrand du Collin, votre paiement par carte VISA 13 digit terminée par 8539 a été enregistré le 2025-05-19.","['PERSON', 'CREDIT_CARD', 'DATE_TIME']"
"Transaction #566517:
- Client : Noémi Mace
- Montant : 8592 MAD
- Destinataire : IBAN FR3490844615311826819216404
- Date : 2025-04-24","['PERSON', 'IBAN_CODE', 'DATE_TIME']"
"Email de Raynaud :
Objet : Facture #353346
Bonjour Marcel-Augustin Dumont, votre paiement par carte Maestro terminée par 1592 a été enregistré le 2025-05-09.","['PERSON', 'CREDIT_CARD', 'DATE_TIME']"
"Contrat de location :
- Locataire : Marguerite Didier-Besnard
- CIN : TI34967
- Téléphone : +212698695090
- Adresse : 97, rue Alexandre Legros, 55419 Saint Sylvie
- Email : antoine40@example.net","['PERSON', 'ID_MAROC', 'PHONE_NUMBER', 'LOCATION', 'EMAIL_ADDRESS']"
"Email de Gimenez :
Objet : Facture #133952
Bonjour Margaret Pereira, votre paiement par carte JCB 16 digit terminée par 1214 a été enregistré le 2025-05-03.","['PERSON', 'CREDIT_CARD', 'DATE_TIME']"
"Email de Jean :
Objet : Facture #50269
Bonjour Monique Hubert de la Noël, votre paiement par carte JCB 15 digit terminée par 2100 a été enregistré le 2025-05-20.","['PERSON', 'CREDIT_CARD', 'DATE_TIME']"
"Document d'identité :
- Nom : Pierre de Rodrigues
- CIN : PE03675
- Date de naissance : 12/01/1928
- Adresse : 1, chemin de Bazin, 07477 Rousset-sur-Maillet","['PERSON', 'ID_MAROC', 'DATE_TIME', 'LOCATION']"
"Contrat de location :
- Locataire : Véronique Albert de la Bonnin
- CIN : KA46151
- Téléphone : +212671918416
- Adresse : 14, rue Sanchez, 76388 Chevalier
- Email : madeleine26@example.net","['PERSON', 'ID_MAROC', 'PHONE_NUMBER', 'LOCATION', 'EMAIL_ADDRESS']"
"Email de Da Silva Leroux et Fils :
Objet : Facture #621484
Bonjour Geneviève Texier, votre paiement par carte VISA 19 digit terminée par 5472 a été enregistré le 2025-05-12.","['PERSON', 'CREDIT_CARD', 'DATE_TIME']"
"Document d'identité :
- Nom : Timothée Torres
- CIN : HM09355
- Date de naissance : 20/03/1965
- Adresse : chemin de Lecoq, 25105 Dupuis","['PERSON', 'ID_MAROC', 'DATE_TIME', 'LOCATION']"
"Contrat de location :
- Locataire : Nathalie Renault
- CIN : DP06992
- Téléphone : +212614249961
- Adresse : 264, rue Henri Schneider, 21610 Saint Susan
- Email : marchalcecile@example.org","['PERSON', 'ID_MAROC', 'PHONE_NUMBER', 'LOCATION', 'EMAIL_ADDRESS']"
"Document d'identité :
- Nom : Gilbert Reynaud
- CIN : TF88568
- Date de naissance : 28/07/1978
- Adresse : 243, chemin Anne Laine, 39565 Mahenec","['PERSON', 'ID_MAROC', 'DATE_TIME', 'LOCATION']"
"Document d'identité :
- Nom : Cécile Fernandes
- CIN : DJ48307
- Date de naissance : 07/11/1965
- Adresse : 215, chemin Vaillant, 59103 Mauryboeuf","['PERSON', 'ID_MAROC', 'DATE_TIME', 'LOCATION']"
"Email de François :
Objet : Facture #39704
Bonjour Patricia Bigot-Coulon, votre paiement par carte JCB 15 digit terminée par 4952 a été enregistré le 2025-05-22.","['PERSON', 'CREDIT_CARD', 'DATE_TIME']"
"Contrat de location :
- Locataire : Arthur Martin
- CIN : LU85768
- Téléphone : +212682879345
- Adresse : 33, boulevard Catherine Samson, 52930 Perret
- Email : rperrin@example.org","['PERSON', 'ID_MAROC', 'PHONE_NUMBER', 'LOCATION', 'EMAIL_ADDRESS']"
"Contrat de location :
- Locataire : Arthur Ruiz
- CIN : PQ23400
- Téléphone : +212614252223
- Adresse : 365, rue Louis Pierre, 33955 DufourBourg
- Email : augervalerie@example.net","['PERSON', 'ID_MAROC', 'PHONE_NUMBER', 'LOCATION', 'EMAIL_ADDRESS']"
"Document d'identité :
- Nom : Aurélie Blin
- CIN : SW95078
- Date de naissance : 05/12/1957
- Adresse : 11, chemin Gérard Gérard, 14823 Laporte","['PERSON', 'ID_MAROC', 'DATE_TIME', 'LOCATION']"
"Document d'identité :
- Nom : Suzanne Martel du Lopes
- CIN : LA71055
- Date de naissance : 05/03/1964
- Adresse : 10, rue de Huet, 60653 Poulain","['PERSON', 'ID_MAROC', 'DATE_TIME', 'LOCATION']"
"Contrat de location :
- Locataire : Marcel Seguin
- CIN : XI83714
- Téléphone : +212638930417
- Adresse : 8, avenue de Petit, 19603 Richard-sur-Bertrand
- Email : rivierejuliette@example.net","['PERSON', 'ID_MAROC', 'PHONE_NUMBER', 'LOCATION', 'EMAIL_ADDRESS']"
"Transaction #334211:
- Client : Cécile-Madeleine Ruiz
- Montant : 5108 MAD
- Destinataire : IBAN FR8988115729637212865765832
- Date : 2025-03-22","['PERSON', 'IBAN_CODE', 'DATE_TIME']"
"Document d'identité :
- Nom : Joséphine Grondin-Giraud
- CIN : DO97901
- Date de naissance : 30/05/1957
- Adresse : 657, chemin de Pascal, 17608 Durand","['PERSON', 'ID_MAROC', 'DATE_TIME', 'LOCATION']"
"Transaction #932142:
- Client : Anouk Carpentier
- Montant : 758 MAD
- Destinataire : IBAN FR7123055961529563370511048
- Date : 2025-01-26","['PERSON', 'IBAN_CODE', 'DATE_TIME']"
"Contrat de location :
- Locataire : Luce Mathieu de la Lucas
- CIN : AS60464
- Téléphone : +212614918747
- Adresse : rue Renée Samson, 71967 Besson-la-Forêt
- Email : boutinanouk@example.net","['PERSON', 'ID_MAROC', 'PHONE_NUMBER', 'LOCATION', 'EMAIL_ADDRESS']"
"Email de Goncalves SA :
Objet : Facture #12353
Bonjour Alex Faivre, votre paiement par carte VISA 19 digit terminée par 4977 a été enregistré le 2025-05-15.","['PERSON', 'CREDIT_CARD', 'DATE_TIME']"
"Email de Jourdan SA :
Objet : Facture #75180
Bonjour Émilie Grondin, votre paiement par carte Maestro terminée par 4157 a été enregistré le 2025-05-04.","['PERSON', 'CREDIT_CARD', 'DATE_TIME']"
"Document d'identité :
- Nom : Nathalie Brun
- CIN : KM29166
- Date de naissance : 28/11/1985
- Adresse : boulevard de Bruneau, 22777 Baron","['PERSON', 'ID_MAROC', 'DATE_TIME', 'LOCATION']"
"Document d'identité :
- Nom : Monique Delattre
- CIN : TF48500
- Date de naissance : 22/10/2004
- Adresse : 12, rue Marin, 23411 Rémy","['PERSON', 'ID_MAROC', 'DATE_TIME', 'LOCATION']"
"Document d'identité :
- Nom : Thérèse Petit-Diallo
- CIN : LW89400
- Date de naissance : 12/02/1925
- Adresse : 29, avenue de Simon, 15462 Caron","['PERSON', 'ID_MAROC', 'DATE_TIME', 'LOCATION']"
"Transaction #53656:
- Client : Virginie Vasseur Le Valette
- Montant : 3392 MAD
- Destinataire : IBAN FR2165544700161725459025247
- Date : 2025-02-14","['PERSON', 'IBAN_CODE', 'DATE_TIME']"
"Email de Giraud :
Objet : Facture #299342
Bonjour Roland Wagner, votre paiement par carte VISA 19 digit terminée par 6771 a été enregistré le 2025-05-05.","['PERSON', 'CREDIT_CARD', 'DATE_TIME']"
"Transaction #453774:
- Client : Thibault Evrard
- Montant : 9855 MAD
- Destinataire : IBAN FR0388356267077872918137149
- Date : 2025-01-12","['PERSON', 'IBAN_CODE', 'DATE_TIME']"
"Email de Pruvost :
Objet : Facture #5816
Bonjour Gabriel Pereira, votre paiement par carte Mastercard terminée par 3247 a été enregistré le 2025-05-10.","['PERSON', 'CREDIT_CARD', 'DATE_TIME']"
"Email de Godard :
Objet : Facture #928498
Bonjour Patricia Imbert, votre paiement par carte Diners Club / Carte Blanche terminée par 0463 a été enregistré le 2025-05-13.","['PERSON', 'CREDIT_CARD', 'DATE_TIME']"
"Contrat de location :
- Locataire : Caroline Hardy
- CIN : XS22391
- Téléphone : +212664022797
- Adresse : 46, chemin Blot, 21132 Cousin
- Email : itanguy@example.org","['PERSON', 'ID_MAROC', 'PHONE_NUMBER', 'LOCATION', 'EMAIL_ADDRESS']"
"Transaction #756777:
- Client : Martin Chevalier
- Montant : 9778 MAD
- Destinataire : IBAN FR5404259823362105865288125
- Date : 2025-01-09","['PERSON', 'IBAN_CODE', 'DATE_TIME']"
"Contrat de location :
- Locataire : Gilbert Le Bertin
- CIN : OW41365
- Téléphone : +212618631116
- Adresse : 54, boulevard Benoît Lagarde, 93744 Lévêque-les-Bains
- Email : audrey13@example.org","['PERSON', 'ID_MAROC', 'PHONE_NUMBER', 'LOCATION', 'EMAIL_ADDRESS']"
"Contrat de location :
- Locataire : Thierry Martel de Laurent
- CIN : YN88931
- Téléphone : +212642153534
- Adresse : 26, rue Anne Gilles, 40430 Sainte Isabelle
- Email : delannoycorinne@example.org","['PERSON', 'ID_MAROC', 'PHONE_NUMBER', 'LOCATION', 'EMAIL_ADDRESS']"
"Document d'identité :
- Nom : Élisabeth Chauvin
- CIN : RL48411
- Date de naissance : 30/11/1970
- Adresse : 2, chemin Pelletier, 76275 Sainte Suzanne","['PERSON', 'ID_MAROC', 'DATE_TIME', 'LOCATION']"
"Email de Traore :
Objet : Facture #378930
Bonjour Michel Gosselin, votre paiement par carte JCB 15 digit terminée par 5823 a été enregistré le 2025-05-16.","['PERSON', 'CREDIT_CARD', 'DATE_TIME']"
"Transaction #421366:
- Client : Danielle Vallée de Loiseau
- Montant : 1571 MAD
- Destinataire : IBAN FR1439041779247562350687561
- Date : 2025-02-19","['PERSON', 'IBAN_CODE', 'DATE_TIME']"
"Document d'identité :
- Nom : Lucy Berger de Lambert
- CIN : YT89637
- Date de naissance : 28/01/1997
- Adresse : rue Girard, 53114 Delattre-sur-Colin","['PERSON', 'ID_MAROC', 'DATE_TIME', 'LOCATION']"
"Email de Cordier :
Objet : Facture #509511
Bonjour Alexandre Guichard-Bertin, votre paiement par carte VISA 19 digit terminée par 1146 a été enregistré le 2025-05-04.","['PERSON', 'CREDIT_CARD', 'DATE_TIME']"
"Email de Hoareau Bodin et Fils :
Objet : Facture #954509
Bonjour Suzanne Clément, votre paiement par carte JCB 15 digit terminée par 3365 a été enregistré le 2025-05-14.","['PERSON', 'CREDIT_CARD', 'DATE_TIME']"
"Document d'identité :
- Nom : Nicolas Bazin
- CIN : QA86180
- Date de naissance : 15/09/1963
- Adresse : 606, chemin Courtois, 44399 Sainte Pauline","['PERSON', 'ID_MAROC', 'DATE_TIME', 'LOCATION']"
"Transaction #518484:
- Client : Lucy Leroy
- Montant : 3036 MAD
- Destinataire : IBAN FR5156328419701731340776549
- Date : 2025-01-17","['PERSON', 'IBAN_CODE', 'DATE_TIME']"
"Document d'identité :
- Nom : Louis Lefebvre
- CIN : KJ33739
- Date de naissance : 12/04/2000
- Adresse : chemin de Guillaume, 55305 Guichard","['PERSON', 'ID_MAROC', 'DATE_TIME', 'LOCATION']"
"Document d'identité :
- Nom : Nicolas François-Guyot
- CIN : GC74404
- Date de naissance : 31/01/2017
- Adresse : chemin Catherine Blanc, 46126 Sainte Émile","['PERSON', 'ID_MAROC', 'DATE_TIME', 'LOCATION']"
"Document d'identité :
- Nom : Olivier Guyot
- CIN : LQ09168
- Date de naissance : 14/05/2015
- Adresse : rue Aimé Michel, 88604 Gomez","['PERSON', 'ID_MAROC', 'DATE_TIME', 'LOCATION']"
"Contrat de location :
- Locataire : Audrey de la Rey
- CIN : LC98850
- Téléphone : +212612853458
- Adresse : 19, boulevard Delorme, 32803 Deschamps
- Email : marianne99@example.com","['PERSON', 'ID_MAROC', 'PHONE_NUMBER', 'LOCATION', 'EMAIL_ADDRESS']"
"Document d'identité :
- Nom : Stéphane de Guillaume
- CIN : LY09569
- Date de naissance : 01/02/1936
- Adresse : 822, rue Jourdan, 02361 Lambert","['PERSON', 'ID_MAROC', 'DATE_TIME', 'LOCATION']"
"Contrat de location :
- Locataire : Émile-Luc Chauveau
- CIN : KM93706
- Téléphone : +212645321480
- Adresse : 499, boulevard Aurélie Carre, 93992 Alexandre
- Email : helene46@example.org","['PERSON', 'ID_MAROC', 'PHONE_NUMBER', 'LOCATION', 'EMAIL_ADDRESS']"
"Contrat de location :
- Locataire : Gérard Dumont
- CIN : MQ15038
- Téléphone : +212604704073
- Adresse : 36, avenue Lorraine Peltier, 68207 Sainte Victoire-sur-Mer
- Email : mathilde08@example.org","['PERSON', 'ID_MAROC', 'PHONE_NUMBER', 'LOCATION', 'EMAIL_ADDRESS']"
"Contrat de location :
- Locataire : Benoît du Toussaint
- CIN : QB55903
- Téléphone : +212613449432
- Adresse : 489, chemin de Perez, 60169 Saint Pauline-la-Forêt
- Email : remynoel@example.com","['PERSON', 'ID_MAROC', 'PHONE_NUMBER', 'LOCATION', 'EMAIL_ADDRESS']"
"Email de Voisin S.A. :
Objet : Facture #213251
Bonjour Arnaude Vaillant, votre paiement par carte Discover terminée par 6560 a été enregistré le 2025-05-25.","['PERSON', 'CREDIT_CARD', 'DATE_TIME']"
"Document d'identité :
- Nom : Élodie-Alex Martins
- CIN : HQ97550
- Date de naissance : 03/10/2013
- Adresse : 35, chemin Benard, 97425 GimenezBourg","['PERSON', 'ID_MAROC', 'DATE_TIME', 'LOCATION']"
"Email de Bernier Olivier S.A. :
Objet : Facture #540052
Bonjour Paul Chevalier, votre paiement par carte JCB 16 digit terminée par 3768 a été enregistré le 2025-05-24.","['PERSON', 'CREDIT_CARD', 'DATE_TIME']"
"Email de Gérard Garcia S.A.R.L. :
Objet : Facture #936080
Bonjour Michèle Benard, votre paiement par carte Discover terminée par 2738 a été enregistré le 2025-05-03.","['PERSON', 'CREDIT_CARD', 'DATE_TIME']"
"Transaction #817145:
- Client : Maryse Chevallier de Dupont
- Montant : 5212 MAD
- Destinataire : IBAN FR3632835027137480898786778
- Date : 2025-02-17","['PERSON', 'IBAN_CODE', 'DATE_TIME']"
"Document d'identité :
- Nom : Alfred Daniel
- CIN : SQ05788
- Date de naissance : 13/01/1943
- Adresse : 81, rue de Leroux, 81626 Thierry","['PERSON', 'ID_MAROC', 'DATE_TIME', 'LOCATION']"
"Email de Leconte :
Objet : Facture #968757
Bonjour Adrienne Robert, votre paiement par carte VISA 16 digit terminée par 3143 a été enregistré le 2025-05-03.","['PERSON', 'CREDIT_CARD', 'DATE_TIME']"
"Document d'identité :
- Nom : Véronique Cousin
- CIN : LD66207
- Date de naissance : 29/08/1913
- Adresse : 99, rue Léger, 17814 Sainte Thierry","['PERSON', 'ID_MAROC', 'DATE_TIME', 'LOCATION']"
"Transaction #229882:
- Client : Élodie Bonneau
- Montant : 3892 MAD
- Destinataire : IBAN FR4363352423122196366924248
- Date : 2025-05-05","['PERSON', 'IBAN_CODE', 'DATE_TIME']"
"Email de Devaux S.A. :
Objet : Facture #802559
Bonjour Michel du Verdier, votre paiement par carte Mastercard terminée par 0489 a été enregistré le 2025-05-19.","['PERSON', 'CREDIT_CARD', 'DATE_TIME']"
"Transaction #145977:
- Client : Roland Pages
- Montant : 6001 MAD
- Destinataire : IBAN FR7787026761550672779145625
- Date : 2025-04-17","['PERSON', 'IBAN_CODE', 'DATE_TIME']"
"Email de Mercier :
Objet : Facture #56526
Bonjour Adèle Dupuis, votre paiement par carte VISA 16 digit terminée par 1704 a été enregistré le 2025-05-16.","['PERSON', 'CREDIT_CARD', 'DATE_TIME']"
"Document d'identité :
- Nom : Pauline Laporte-Bruneau
- CIN : OH91355
- Date de naissance : 06/09/1916
- Adresse : 733, avenue Martel, 78564 Bazin-sur-Mer","['PERSON', 'ID_MAROC', 'DATE_TIME', 'LOCATION']"
"Transaction #133321:
- Client : Luc Valentin
- Montant : 3591 MAD
- Destinataire : IBAN FR8848875165816959619227183
- Date : 2025-05-16","['PERSON', 'IBAN_CODE', 'DATE_TIME']"
"Contrat de location :
- Locataire : Anaïs Lebrun
- CIN : TU20330
- Téléphone : +212619873356
- Adresse : 83, rue de Lemaître, 20628 Sainte Patrick
- Email : zhamon@example.com","['PERSON', 'ID_MAROC', 'PHONE_NUMBER', 'LOCATION', 'EMAIL_ADDRESS']"
"Contrat de location :
- Locataire : Dorothée Nguyen
- CIN : HY88349
- Téléphone : +212613714540
- Adresse : 29, chemin Foucher, 41191 Hervé
- Email : thibautmarques@example.net","['PERSON', 'ID_MAROC', 'PHONE_NUMBER', 'LOCATION', 'EMAIL_ADDRESS']"
"Document d'identité :
- Nom : Zacharie Dupré de la Teixeira
- CIN : VT45876
- Date de naissance : 10/07/1942
- Adresse : 261, rue de Thomas, 44291 Pierre-sur-Diaz","['PERSON', 'ID_MAROC', 'DATE_TIME', 'LOCATION']"
"Document d'identité :
- Nom : Adrien Renaud
- CIN : UT23872
- Date de naissance : 25/08/1967
- Adresse : rue Nicolas Lesage, 34458 Hardyboeuf","['PERSON', 'ID_MAROC', 'DATE_TIME', 'LOCATION']"
"Document d'identité :
- Nom : Laure-Frédérique Chrétien
- CIN : UP37642
- Date de naissance : 04/09/1959
- Adresse : 95, rue Duval, 33370 Saint Michèle","['PERSON', 'ID_MAROC', 'DATE_TIME', 'LOCATION']"
"Document d'identité :
- Nom : Brigitte du Benoit
- CIN : VJ40097
- Date de naissance : 22/04/2001
- Adresse : 80, chemin Leconte, 11577 MaillardBourg","['PERSON', 'ID_MAROC', 'DATE_TIME', 'LOCATION']"
"Document d'identité :
- Nom : Véronique Couturier
- CIN : QD31863
- Date de naissance : 09/01/2012
- Adresse : 28, boulevard Élisabeth Barthelemy, 07376 GiraudVille","['PERSON', 'ID_MAROC', 'DATE_TIME', 'LOCATION']"
"Email de Maillard :
Objet : Facture #97690
Bonjour Pénélope Maillet, votre paiement par carte American Express terminée par 4119 a été enregistré le 2025-05-12.","['PERSON', 'CREDIT_CARD', 'DATE_TIME']"
"Email de Antoine Martinez S.A.S. :
Objet : Facture #270988
Bonjour Guy Dupuis, votre paiement par carte VISA 16 digit terminée par 7978 a été enregistré le 2025-05-14.","['PERSON', 'CREDIT_CARD', 'DATE_TIME']"
"Email de Marin S.A.R.L. :
Objet : Facture #747385
Bonjour Claudine Bouchet, votre paiement par carte VISA 16 digit terminée par 2730 a été enregistré le 2025-05-07.","['PERSON', 'CREDIT_CARD', 'DATE_TIME']"
"Transaction #297871:
- Client : Jeannine du Moulin
- Montant : 5484 MAD
- Destinataire : IBAN FR3793169606265660609065154
- Date : 2025-02-17","['PERSON', 'IBAN_CODE', 'DATE_TIME']"
"Email de Renaud S.A. :
Objet : Facture #827113
Bonjour Léon Diallo-Gillet, votre paiement par carte VISA 16 digit terminée par 1877 a été enregistré le 2025-05-02.","['PERSON', 'CREDIT_CARD', 'DATE_TIME']"
"Contrat de location :
- Locataire : Margaret Guillon
- CIN : AN34901
- Téléphone : +212657834637
- Adresse : 67, boulevard de Collet, 97434 Lacroix
- Email : kriou@example.org","['PERSON', 'ID_MAROC', 'PHONE_NUMBER', 'LOCATION', 'EMAIL_ADDRESS']"
"Document d'identité :
- Nom : Isaac de Blanc
- CIN : AY63222
- Date de naissance : 19/10/1919
- Adresse : 99, rue de Dubois, 12899 Vincent","['PERSON', 'ID_MAROC', 'DATE_TIME', 'LOCATION']"
"Document d'identité :
- Nom : Jeanne Chevallier
- CIN : DH68896
- Date de naissance : 26/08/1983
- Adresse : 3, rue de Hoarau, 24209 Saint Victor","['PERSON', 'ID_MAROC', 'DATE_TIME', 'LOCATION']"
"Transaction #430591:
- Client : Pierre-François Lemaire
- Montant : 6659 MAD
- Destinataire : IBAN FR7751382287579676443252748
- Date : 2025-05-05","['PERSON', 'IBAN_CODE', 'DATE_TIME']"
"Email de Fontaine :
Objet : Facture #487093
Bonjour Stéphane Maurice-Maillet, votre paiement par carte VISA 16 digit terminée par 3674 a été enregistré le 2025-05-19.","['PERSON', 'CREDIT_CARD', 'DATE_TIME']"
"Transaction #382213:
- Client : Eugène Bouvet Le Guillet
- Montant : 9926 MAD
- Destinataire : IBAN FR4465516364044055187994778
- Date : 2025-04-06","['PERSON', 'IBAN_CODE', 'DATE_TIME']"
"Transaction #880702:
- Client : Madeleine Gonzalez
- Montant : 8679 MAD
- Destinataire : IBAN FR9716890941471628431080963
- Date : 2025-05-19","['PERSON', 'IBAN_CODE', 'DATE_TIME']"
"Transaction #802757:
- Client : Sophie Pierre
- Montant : 2049 MAD
- Destinataire : IBAN FR9889796303630943803883904
- Date : 2025-02-12","['PERSON', 'IBAN_CODE', 'DATE_TIME']"
"Document d'identité :
- Nom : Dominique Diaz
- CIN : WT27373
- Date de naissance : 12/01/1980
- Adresse : 64, rue Daniel Gomez, 85760 Diaz","['PERSON', 'ID_MAROC', 'DATE_TIME', 'LOCATION']"
"Document d'identité :
- Nom : Constance-Nathalie Peltier
- CIN : VP76554
- Date de naissance : 15/03/1947
- Adresse : 12, rue de Lamy, 15127 Lebon-sur-Lambert","['PERSON', 'ID_MAROC', 'DATE_TIME', 'LOCATION']"
"Contrat de location :
- Locataire : Frédéric Leclercq
- CIN : UR95997
- Téléphone : +212657919209
- Adresse : rue de Garcia, 06383 PotierVille
- Email : rodriguezpatricia@example.org","['PERSON', 'ID_MAROC', 'PHONE_NUMBER', 'LOCATION', 'EMAIL_ADDRESS']"
"Transaction #351915:
- Client : Sophie Renard
- Montant : 3297 MAD
- Destinataire : IBAN FR1366648428709766322232343
- Date : 2025-02-22","['PERSON', 'IBAN_CODE', 'DATE_TIME']"
"Contrat de location :
- Locataire : Roger-Tristan Lecoq
- CIN : YY95936
- Téléphone : +212608938977
- Adresse : 280, chemin Collin, 12254 Guibert-sur-Pichon
- Email : hortensedaniel@example.com","['PERSON', 'ID_MAROC', 'PHONE_NUMBER', 'LOCATION', 'EMAIL_ADDRESS']"
"Document d'identité :
- Nom : Nathalie Royer
- CIN : ZA32909
- Date de naissance : 19/05/1924
- Adresse : 221, chemin Joly, 85200 Coulon-sur-Moreau","['PERSON', 'ID_MAROC', 'DATE_TIME', 'LOCATION']"
"Document d'identité :
- Nom : Michel Lopez de la Loiseau
- CIN : GQ72720
- Date de naissance : 29/01/1922
- Adresse : 54, boulevard de Pons, 76615 Baron","['PERSON', 'ID_MAROC', 'DATE_TIME', 'LOCATION']"
"Contrat de location :
- Locataire : Étienne Hoareau
- CIN : QD83908
- Téléphone : +212643361573
- Adresse : 36, avenue Maryse Berger, 37305 Lemaître
- Email : noelfrancois@example.com","['PERSON', 'ID_MAROC', 'PHONE_NUMBER', 'LOCATION', 'EMAIL_ADDRESS']"
"Email de Klein SA :
Objet : Facture #164440
Bonjour Véronique Dupont, votre paiement par carte VISA 16 digit terminée par 6877 a été enregistré le 2025-05-06.","['PERSON', 'CREDIT_CARD', 'DATE_TIME']"
"Document d'identité :
- Nom : Théodore-Théophile Blondel
- CIN : JM27488
- Date de naissance : 23/03/1940
- Adresse : 41, boulevard Fernandez, 92633 BertinBourg","['PERSON', 'ID_MAROC', 'DATE_TIME', 'LOCATION']"
"Transaction #424972:
- Client : Louis Regnier-Maury
- Montant : 3135 MAD
- Destinataire : IBAN FR3837453089374926858873435
- Date : 2025-05-10","['PERSON', 'IBAN_CODE', 'DATE_TIME']"
"Transaction #88067:
- Client : Michelle Coulon
- Montant : 2827 MAD
- Destinataire : IBAN FR6104958713125851708505673
- Date : 2025-03-16","['PERSON', 'IBAN_CODE', 'DATE_TIME']"
"Email de Fernandes :
Objet : Facture #200820
Bonjour Éric Fabre, votre paiement par carte JCB 16 digit terminée par 5982 a été enregistré le 2025-05-07.","['PERSON', 'CREDIT_CARD', 'DATE_TIME']"
"Transaction #808736:
- Client : Céline Leblanc
- Montant : 7303 MAD
- Destinataire : IBAN FR5745166440845143960564979
- Date : 2025-02-19","['PERSON', 'IBAN_CODE', 'DATE_TIME']"
"Email de Fernandes Guillot SA :
Objet : Facture #4713
Bonjour Monique Rey, votre paiement par carte VISA 13 digit terminée par 4075 a été enregistré le 2025-05-08.","['PERSON', 'CREDIT_CARD', 'DATE_TIME']"
"Transaction #123979:
- Client : Jérôme Maillard
- Montant : 2660 MAD
- Destinataire : IBAN FR6359628556423471711494138
- Date : 2025-02-27","['PERSON', 'IBAN_CODE', 'DATE_TIME']"
"Document d'identité :
- Nom : Gabriel Valentin-Robert
- CIN : MG03946
- Date de naissance : 11/01/2025
- Adresse : 228, rue Étienne Blanchet, 67729 Didier","['PERSON', 'ID_MAROC', 'DATE_TIME', 'LOCATION']"
"Document d'identité :
- Nom : Grégoire Dupuy
- CIN : EY92391
- Date de naissance : 21/01/1967
- Adresse : boulevard de Bonnin, 77311 Lacombedan","['PERSON', 'ID_MAROC', 'DATE_TIME', 'LOCATION']"
"Contrat de location :
- Locataire : Eugène Raymond
- CIN : PE37347
- Téléphone : +212674125051
- Adresse : 31, rue de Vidal, 94573 Gomes-sur-Mer
- Email : manon92@example.org","['PERSON', 'ID_MAROC', 'PHONE_NUMBER', 'LOCATION', 'EMAIL_ADDRESS']"
"Document d'identité :
- Nom : Thomas Leduc du Da Silva
- CIN : GN79176
- Date de naissance : 21/04/1978
- Adresse : 3, boulevard de Delmas, 66550 Deschamps","['PERSON', 'ID_MAROC', 'DATE_TIME', 'LOCATION']"
"Contrat de location :
- Locataire : Sébastien Le Garcia
- CIN : KK60886
- Téléphone : +212628275351
- Adresse : 44, rue Olivier, 71987 Pinto
- Email : raymondelodie@example.org","['PERSON', 'ID_MAROC', 'PHONE_NUMBER', 'LOCATION', 'EMAIL_ADDRESS']"
"Contrat de location :
- Locataire : Emmanuelle Duval
- CIN : YI26060
- Téléphone : +212654031140
- Adresse : 44, boulevard de Le Gall, 97165 Langloisnec
- Email : berthelotguy@example.com","['PERSON', 'ID_MAROC', 'PHONE_NUMBER', 'LOCATION', 'EMAIL_ADDRESS']"
"Document d'identité :
- Nom : Anne Thomas
- CIN : SQ89576
- Date de naissance : 26/07/1992
- Adresse : 24, chemin Margot Pages, 33607 Clerc","['PERSON', 'ID_MAROC', 'DATE_TIME', 'LOCATION']"
"Email de Maurice :
Objet : Facture #82032
Bonjour Étienne-Vincent Pinto, votre paiement par carte JCB 16 digit terminée par 4256 a été enregistré le 2025-05-05.","['PERSON', 'CREDIT_CARD', 'DATE_TIME']"
"Contrat de location :
- Locataire : Guy Roussel
- CIN : KV36663
- Téléphone : +212683686176
- Adresse : 15, avenue de Goncalves, 32975 Mary
- Email : dallain@example.net","['PERSON', 'ID_MAROC', 'PHONE_NUMBER', 'LOCATION', 'EMAIL_ADDRESS']"
"Document d'identité :
- Nom : Vincent Le Ferreira
- CIN : SP47990
- Date de naissance : 14/06/2011
- Adresse : 317, rue de Bonneau, 56408 Traorenec","['PERSON', 'ID_MAROC', 'DATE_TIME', 'LOCATION']"
"Transaction #987630:
- Client : Jacques-Thibaut Rossi
- Montant : 3007 MAD
- Destinataire : IBAN FR6550898368756496865470137
- Date : 2025-02-26","['PERSON', 'IBAN_CODE', 'DATE_TIME']"
"Document d'identité :
- Nom : Joseph Texier
- CIN : KD51247
- Date de naissance : 16/09/1953
- Adresse : 55, boulevard Dupuis, 10942 Dufour-sur-Pottier","['PERSON', 'ID_MAROC', 'DATE_TIME', 'LOCATION']"
"Transaction #916243:
- Client : Benjamin Bernard Le Perret
- Montant : 9155 MAD
- Destinataire : IBAN FR3540784640756894629254159
- Date : 2025-01-12","['PERSON', 'IBAN_CODE', 'DATE_TIME']"
"Contrat de location :
- Locataire : Théophile Daniel
- CIN : AQ23699
- Téléphone : +212653385204
- Adresse : 14, rue Lecoq, 97347 Saint Amélieboeuf
- Email : philippegenevieve@example.net","['PERSON', 'ID_MAROC', 'PHONE_NUMBER', 'LOCATION', 'EMAIL_ADDRESS']"
"Contrat de location :
- Locataire : Alexandrie Lecoq
- CIN : OU34983
- Téléphone : +212665429038
- Adresse : 746, rue de Schneider, 08575 Fernandes
- Email : philippine60@example.org","['PERSON', 'ID_MAROC', 'PHONE_NUMBER', 'LOCATION', 'EMAIL_ADDRESS']"
"Transaction #756791:
- Client : Christiane Jacob
- Montant : 8801 MAD
- Destinataire : IBAN FR4669133220179395040886031
- Date : 2025-04-06","['PERSON', 'IBAN_CODE', 'DATE_TIME']"
"Email de Bernard :
Objet : Facture #769976
Bonjour Édith Reynaud, votre paiement par carte JCB 16 digit terminée par 7557 a été enregistré le 2025-05-08.","['PERSON', 'CREDIT_CARD', 'DATE_TIME']"
"Contrat de location :
- Locataire : Franck Pages
- CIN : GB98756
- Téléphone : +212652431967
- Adresse : 6, chemin Joubert, 15332 Sainte Josetteboeuf
- Email : hebertantoine@example.com","['PERSON', 'ID_MAROC', 'PHONE_NUMBER', 'LOCATION', 'EMAIL_ADDRESS']"
"Contrat de location :
- Locataire : Maurice François-Moreau
- CIN : TT39726
- Téléphone : +212620027688
- Adresse : rue de Lefort, 92233 Thibault
- Email : marteldorothee@example.com","['PERSON', 'ID_MAROC', 'PHONE_NUMBER', 'LOCATION', 'EMAIL_ADDRESS']"
"Contrat de location :
- Locataire : Odette Merle-Boutin
- CIN : JF34655
- Téléphone : +212610996421
- Adresse : 44, boulevard Auguste Pichon, 90760 Sainte Josephboeuf
- Email : antoinetteleconte@example.com","['PERSON', 'ID_MAROC', 'PHONE_NUMBER', 'LOCATION', 'EMAIL_ADDRESS']"
"Contrat de location :
- Locataire : Marcel de Bertrand
- CIN : LW09132
- Téléphone : +212615483251
- Adresse : chemin de Gilbert, 79186 Carre
- Email : maryse84@example.net","['PERSON', 'ID_MAROC', 'PHONE_NUMBER', 'LOCATION', 'EMAIL_ADDRESS']"
"Transaction #315943:
- Client : Gilbert Regnier
- Montant : 961 MAD
- Destinataire : IBAN FR3844292903529261668413315
- Date : 2025-05-13","['PERSON', 'IBAN_CODE', 'DATE_TIME']"
"Email de Bousquet et Fils :
Objet : Facture #271899
Bonjour Brigitte-Jeanne Didier, votre paiement par carte Mastercard terminée par 0459 a été enregistré le 2025-05-23.","['PERSON', 'CREDIT_CARD', 'DATE_TIME']"
"Document d'identité :
- Nom : Anne de Mace
- CIN : BS82396
- Date de naissance : 17/07/1909
- Adresse : 29, avenue Rémy Poirier, 86120 Saint Louisedan","['PERSON', 'ID_MAROC', 'DATE_TIME', 'LOCATION']"
"Document d'identité :
- Nom : Constance Brunet
- CIN : OJ75775
- Date de naissance : 18/08/1953
- Adresse : rue Ferrand, 79236 Samson","['PERSON', 'ID_MAROC', 'DATE_TIME', 'LOCATION']"
"Email de Roche Barre SARL :
Objet : Facture #460951
Bonjour Xavier du Huet, votre paiement par carte JCB 16 digit terminée par 1153 a été enregistré le 2025-05-05.","['PERSON', 'CREDIT_CARD', 'DATE_TIME']"
"Document d'identité :
- Nom : Victoire Diallo
- CIN : FJ44950
- Date de naissance : 16/08/1945
- Adresse : 60, chemin Lacroix, 50453 Saint Anouk","['PERSON', 'ID_MAROC', 'DATE_TIME', 'LOCATION']"
"Document d'identité :
- Nom : Diane Jacques
- CIN : HM49273
- Date de naissance : 15/08/1958
- Adresse : 69, rue de Moreno, 44520 Sainte Gilbert","['PERSON', 'ID_MAROC', 'DATE_TIME', 'LOCATION']"
"Transaction #57138:
- Client : Frédérique Lacombe
- Montant : 1293 MAD
- Destinataire : IBAN FR6845061012099144397712880
- Date : 2025-05-09","['PERSON', 'IBAN_CODE', 'DATE_TIME']"
"Document d'identité :
- Nom : Anastasie Da Costa
- CIN : CF06108
- Date de naissance : 28/03/2001
- Adresse : 61, rue Lebreton, 21413 Baron","['PERSON', 'ID_MAROC', 'DATE_TIME', 'LOCATION']"
"Document d'identité :
- Nom : Isaac Wagner-Letellier
- CIN : ZW69700
- Date de naissance : 14/07/2010
- Adresse : 79, rue Nicole Pineau, 02363 MarquesBourg","['PERSON', 'ID_MAROC', 'DATE_TIME', 'LOCATION']"
"Document d'identité :
- Nom : Daniel Bonneau
- CIN : PV86700
- Date de naissance : 30/03/1922
- Adresse : 50, avenue Hugues Barbe, 89920 Mary-les-Bains","['PERSON', 'ID_MAROC', 'DATE_TIME', 'LOCATION']"
"Email de Jacob :
Objet : Facture #944802
Bonjour Gérard Giraud, votre paiement par carte VISA 16 digit terminée par 1564 a été enregistré le 2025-05-23.","['PERSON', 'CREDIT_CARD', 'DATE_TIME']"
"Contrat de location :
- Locataire : Louis de Boulay
- CIN : YO60504
- Téléphone : +212603439685
- Adresse : avenue Bailly, 45938 Brunet
- Email : bertinalexandrie@example.net","['PERSON', 'ID_MAROC', 'PHONE_NUMBER', 'LOCATION', 'EMAIL_ADDRESS']"
"Document d'identité :
- Nom : Frédérique-Adèle Marty
- CIN : HA29797
- Date de naissance : 03/07/1916
- Adresse : 14, rue Muller, 97182 Mallet","['PERSON', 'ID_MAROC', 'DATE_TIME', 'LOCATION']"
"Email de Rocher Hernandez S.A. :
Objet : Facture #81784
Bonjour Lucie-Anaïs Masson, votre paiement par carte Diners Club / Carte Blanche terminée par 2401 a été enregistré le 2025-05-04.","['PERSON', 'CREDIT_CARD', 'DATE_TIME']"
"Transaction #466109:
- Client : Philippe Gonzalez de Lebreton
- Montant : 2370 MAD
- Destinataire : IBAN FR8515412911639830685931473
- Date : 2025-03-17","['PERSON', 'IBAN_CODE', 'DATE_TIME']"
"Transaction #978443:
- Client : Mathilde Brunel du Barthelemy
- Montant : 5416 MAD
- Destinataire : IBAN FR1257767864960353614832149
- Date : 2025-05-02","['PERSON', 'IBAN_CODE', 'DATE_TIME']"
"Transaction #522598:
- Client : Aimé Morel
- Montant : 7723 MAD
- Destinataire : IBAN FR4738850366033911157747742
- Date : 2025-05-19","['PERSON', 'IBAN_CODE', 'DATE_TIME']"
"Document d'identité :
- Nom : Margaud-Victoire Bruneau
- CIN : EF95882
- Date de naissance : 28/08/2016
- Adresse : 2, boulevard François Goncalves, 57725 Breton","['PERSON', 'ID_MAROC', 'DATE_TIME', 'LOCATION']"
"Contrat de location :
- Locataire : Georges Lenoir
- CIN : SV52963
- Téléphone : +212687842589
- Adresse : 845, rue Mary, 17150 Guérin
- Email : mariannegodard@example.com","['PERSON', 'ID_MAROC', 'PHONE_NUMBER', 'LOCATION', 'EMAIL_ADDRESS']"
"Transaction #659420:
- Client : Théodore Roussel
- Montant : 3082 MAD
- Destinataire : IBAN FR1992070691430687357022464
- Date : 2025-01-03","['PERSON', 'IBAN_CODE', 'DATE_TIME']"
"Email de Hernandez :
Objet : Facture #747242
Bonjour Maurice Toussaint, votre paiement par carte VISA 16 digit terminée par 3754 a été enregistré le 2025-05-08.","['PERSON', 'CREDIT_CARD', 'DATE_TIME']"
"Transaction #534513:
- Client : Matthieu Blanchard-Marchal
- Montant : 6793 MAD
- Destinataire : IBAN FR4496939911831607779683203
- Date : 2025-05-08","['PERSON', 'IBAN_CODE', 'DATE_TIME']"
"Email de Michel :
Objet : Facture #253824
Bonjour Robert Pascal, votre paiement par carte Mastercard terminée par 9816 a été enregistré le 2025-05-20.","['PERSON', 'CREDIT_CARD', 'DATE_TIME']"
"Document d'identité :
- Nom : Madeleine Blanchet
- CIN : NX92595
- Date de naissance : 08/10/2022
- Adresse : 92, boulevard Jacquet, 78432 Marchand","['PERSON', 'ID_MAROC', 'DATE_TIME', 'LOCATION']"
"Transaction #251520:
- Client : Mathilde Lucas-Muller
- Montant : 9997 MAD
- Destinataire : IBAN FR9847088151510945799318440
- Date : 2025-04-19","['PERSON', 'IBAN_CODE', 'DATE_TIME']"
"Contrat de location :
- Locataire : Guy-David Pottier
- CIN : LB03522
- Téléphone : +212688003787
- Adresse : chemin Audrey Salmon, 34350 Hoareau-les-Bains
- Email : agautier@example.org","['PERSON', 'ID_MAROC', 'PHONE_NUMBER', 'LOCATION', 'EMAIL_ADDRESS']"
"Document d'identité :
- Nom : Arthur Rivière
- CIN : UK01318
- Date de naissance : 11/12/1999
- Adresse : 76, rue de Leclerc, 24102 Laine","['PERSON', 'ID_MAROC', 'DATE_TIME', 'LOCATION']"
"Email de Royer :
Objet : Facture #154891
Bonjour Susan Barre, votre paiement par carte Maestro terminée par 9985 a été enregistré le 2025-05-22.","['PERSON', 'CREDIT_CARD', 'DATE_TIME']"
"Contrat de location :
- Locataire : Jacques Bonnin
- CIN : CQ51837
- Téléphone : +212640316118
- Adresse : 9, chemin de Joly, 21220 De Sousa-sur-Antoine
- Email : lpetitjean@example.com","['PERSON', 'ID_MAROC', 'PHONE_NUMBER', 'LOCATION', 'EMAIL_ADDRESS']"
"Transaction #148747:
- Client : Alfred Gosselin
- Montant : 5513 MAD
- Destinataire : IBAN FR8203471337243298618194590
- Date : 2025-05-06","['PERSON', 'IBAN_CODE', 'DATE_TIME']"
"Contrat de location :
- Locataire : Luce Launay du Durand
- CIN : XS92063
- Téléphone : +212613526647
- Adresse : rue de Dupont, 52940 Valentin-sur-Merle
- Email : chantal33@example.net","['PERSON', 'ID_MAROC', 'PHONE_NUMBER', 'LOCATION', 'EMAIL_ADDRESS']"
"Document d'identité :
- Nom : Charlotte de Monnier
- CIN : TL59784
- Date de naissance : 03/04/1934
- Adresse : 45, avenue Zoé Navarro, 07194 Vallet","['PERSON', 'ID_MAROC', 'DATE_TIME', 'LOCATION']"
"Transaction #228764:
- Client : Patricia Hoarau
- Montant : 6485 MAD
- Destinataire : IBAN FR4446742735278140504715308
- Date : 2025-01-03","['PERSON', 'IBAN_CODE', 'DATE_TIME']"
"Transaction #536001:
- Client : Alix Fournier-Rodriguez
- Montant : 5690 MAD
- Destinataire : IBAN FR2350280429397281656172843
- Date : 2025-05-15","['PERSON', 'IBAN_CODE', 'DATE_TIME']"
"Email de Gay S.A.R.L. :
Objet : Facture #670048
Bonjour Brigitte Lévêque, votre paiement par carte Maestro terminée par 3722 a été enregistré le 2025-05-11.","['PERSON', 'CREDIT_CARD', 'DATE_TIME']"
"Contrat de location :
- Locataire : Michelle Antoine de la Rolland
- CIN : AC05974
- Téléphone : +212626497245
- Adresse : boulevard Leroux, 08244 Bigot
- Email : anne96@example.net","['PERSON', 'ID_MAROC', 'PHONE_NUMBER', 'LOCATION', 'EMAIL_ADDRESS']"
"Transaction #488672:
- Client : Antoinette Andre
- Montant : 2542 MAD
- Destinataire : IBAN FR8660023754139391475600215
- Date : 2025-01-12","['PERSON', 'IBAN_CODE', 'DATE_TIME']"
"Document d'identité :
- Nom : Bernard de Vasseur
- CIN : NQ97177
- Date de naissance : 04/01/1989
- Adresse : rue Jacques Foucher, 20906 Saint MichelleVille","['PERSON', 'ID_MAROC', 'DATE_TIME', 'LOCATION']"
"Contrat de location :
- Locataire : Georges de la Bruneau
- CIN : XY96794
- Téléphone : +212692272802
- Adresse : 77, boulevard Alex Traore, 38979 Henry
- Email : blanchetandre@example.org","['PERSON', 'ID_MAROC', 'PHONE_NUMBER', 'LOCATION', 'EMAIL_ADDRESS']"
"Document d'identité :
- Nom : René Le Leblanc
- CIN : XQ64291
- Date de naissance : 06/07/1957
- Adresse : 67, rue Nathalie Caron, 34790 Cordier","['PERSON', 'ID_MAROC', 'DATE_TIME', 'LOCATION']"
"Contrat de location :
- Locataire : Danielle Foucher
- CIN : PJ10597
- Téléphone : +212666636281
- Adresse : 3, rue Techer, 84776 Jacob-sur-Bigot
- Email : ijacob@example.net","['PERSON', 'ID_MAROC', 'PHONE_NUMBER', 'LOCATION', 'EMAIL_ADDRESS']"
"Transaction #274743:
- Client : Suzanne Fournier du Potier
- Montant : 6471 MAD
- Destinataire : IBAN FR1554488565134790128026816
- Date : 2025-01-17","['PERSON', 'IBAN_CODE', 'DATE_TIME']"
"Contrat de location :
- Locataire : Odette Daniel
- CIN : YJ59809
- Téléphone : +212613798915
- Adresse : 45, boulevard Philippe Tessier, 10696 Martineau-les-Bains
- Email : sebastienmillet@example.org","['PERSON', 'ID_MAROC', 'PHONE_NUMBER', 'LOCATION', 'EMAIL_ADDRESS']"
"Transaction #484284:
- Client : Louis Launay
- Montant : 4173 MAD
- Destinataire : IBAN FR9786003217204799066889672
- Date : 2025-04-02","['PERSON', 'IBAN_CODE', 'DATE_TIME']"
"Document d'identité :
- Nom : Corinne Humbert
- CIN : VD50070
- Date de naissance : 16/10/1929
- Adresse : 55, boulevard Émilie Lucas, 20956 Sainte Philippe","['PERSON', 'ID_MAROC', 'DATE_TIME', 'LOCATION']"
"Transaction #896977:
- Client : Édouard Masson
- Montant : 3117 MAD
- Destinataire : IBAN FR4476331410979522147327331
- Date : 2025-04-23","['PERSON', 'IBAN_CODE', 'DATE_TIME']"
"Contrat de location :
- Locataire : Lucas du Blanc
- CIN : PK40182
- Téléphone : +212620185051
- Adresse : 51, rue de Guillou, 42508 Guichard-les-Bains
- Email : nicolasrobin@example.com","['PERSON', 'ID_MAROC', 'PHONE_NUMBER', 'LOCATION', 'EMAIL_ADDRESS']"
"Email de Bouchet :
Objet : Facture #341268
Bonjour Eugène-Henri Hubert, votre paiement par carte VISA 13 digit terminée par 7586 a été enregistré le 2025-05-11.","['PERSON', 'CREDIT_CARD', 'DATE_TIME']"
"Transaction #796304:
- Client : Marguerite Texier
- Montant : 8883 MAD
- Destinataire : IBAN FR6243445372161098824339152
- Date : 2025-03-28","['PERSON', 'IBAN_CODE', 'DATE_TIME']"
"Document d'identité :
- Nom : Richard Julien
- CIN : YQ74017
- Date de naissance : 03/10/1996
- Adresse : 716, rue Monique Blondel, 97325 Simon","['PERSON', 'ID_MAROC', 'DATE_TIME', 'LOCATION']"
"Document d'identité :
- Nom : Raymond Delannoy-Langlois
- CIN : MN88340
- Date de naissance : 09/10/1939
- Adresse : 8, boulevard Patricia Courtois, 15613 Salmon","['PERSON', 'ID_MAROC', 'DATE_TIME', 'LOCATION']"
"Email de François :
Objet : Facture #82290
Bonjour Éléonore de la Michel, votre paiement par carte JCB 15 digit terminée par 6525 a été enregistré le 2025-05-08.","['PERSON', 'CREDIT_CARD', 'DATE_TIME']"
"Contrat de location :
- Locataire : Stéphanie Girard
- CIN : ND64898
- Téléphone : +212660208134
- Adresse : 56, boulevard Boulay, 55492 Saint Adélaïde
- Email : allardwilliam@example.org","['PERSON', 'ID_MAROC', 'PHONE_NUMBER', 'LOCATION', 'EMAIL_ADDRESS']"
"Email de Ollivier Hamel SA :
Objet : Facture #941323
Bonjour Étienne Morvan, votre paiement par carte Discover terminée par 1959 a été enregistré le 2025-05-02.","['PERSON', 'CREDIT_CARD', 'DATE_TIME']"
"Document d'identité :
- Nom : Anouk Laurent
- CIN : ON46594
- Date de naissance : 22/09/1919
- Adresse : 75, rue Samson, 69635 Traore-sur-Texier","['PERSON', 'ID_MAROC', 'DATE_TIME', 'LOCATION']"
"Contrat de location :
- Locataire : Raymond Bodin
- CIN : OU41303
- Téléphone : +212697618428
- Adresse : 9, chemin Tanguy, 88495 Morin
- Email : robertantoine@example.org","['PERSON', 'ID_MAROC', 'PHONE_NUMBER', 'LOCATION', 'EMAIL_ADDRESS']"
"Contrat de location :
- Locataire : Sabine Bonneau
- CIN : EF69286
- Téléphone : +212699238922
- Adresse : 53, rue de Maurice, 76805 Sainte Jeanne
- Email : diane98@example.org","['PERSON', 'ID_MAROC', 'PHONE_NUMBER', 'LOCATION', 'EMAIL_ADDRESS']"
"Contrat de location :
- Locataire : Alex Navarro-Bernier
- CIN : YQ96310
- Téléphone : +212634173842
- Adresse : 76, chemin Devaux, 18628 Da Costa
- Email : laurencemasson@example.net","['PERSON', 'ID_MAROC', 'PHONE_NUMBER', 'LOCATION', 'EMAIL_ADDRESS']"
"Document d'identité :
- Nom : Inès Legrand
- CIN : QE47797
- Date de naissance : 20/05/2020
- Adresse : 46, rue de Guillou, 70605 Hamon-la-Forêt","['PERSON', 'ID_MAROC', 'DATE_TIME', 'LOCATION']"
"Email de Rocher Guillot et Fils :
Objet : Facture #892639
Bonjour Hortense Weiss, votre paiement par carte Mastercard terminée par 9676 a été enregistré le 2025-05-07.","['PERSON', 'CREDIT_CARD', 'DATE_TIME']"
"Document d'identité :
- Nom : Victoire Louis-Parent
- CIN : VA97075
- Date de naissance : 11/08/1920
- Adresse : chemin Perrot, 90517 Rémydan","['PERSON', 'ID_MAROC', 'DATE_TIME', 'LOCATION']"
"Email de Denis SA :
Objet : Facture #93081
Bonjour Colette Weber, votre paiement par carte Discover terminée par 0715 a été enregistré le 2025-05-06.","['PERSON', 'CREDIT_CARD', 'DATE_TIME']"
"Transaction #949217:
- Client : Thibaut-Gabriel Sanchez
- Montant : 4966 MAD
- Destinataire : IBAN FR2389910201292385246037627
- Date : 2025-01-29","['PERSON', 'IBAN_CODE', 'DATE_TIME']"
"Document d'identité :
- Nom : Hugues Lebrun
- CIN : GR57843
- Date de naissance : 11/11/1968
- Adresse : 109, avenue Pottier, 48566 RousseauBourg","['PERSON', 'ID_MAROC', 'DATE_TIME', 'LOCATION']"
"Document d'identité :
- Nom : Yves Pasquier
- CIN : SD25118
- Date de naissance : 07/09/1915
- Adresse : 6, rue de Chartier, 75729 Saint Agathe","['PERSON', 'ID_MAROC', 'DATE_TIME', 'LOCATION']"
"Transaction #583415:
- Client : Emmanuel Pages
- Montant : 7829 MAD
- Destinataire : IBAN FR5712546673200409164088457
- Date : 2025-05-06","['PERSON', 'IBAN_CODE', 'DATE_TIME']"
"Email de Martel :
Objet : Facture #995439
Bonjour Claude Bonnin, votre paiement par carte JCB 15 digit terminée par 8654 a été enregistré le 2025-05-04.","['PERSON', 'CREDIT_CARD', 'DATE_TIME']"
"Transaction #82021:
- Client : Adrien Pottier
- Montant : 8342 MAD
- Destinataire : IBAN FR6374495864757382577322505
- Date : 2025-03-24","['PERSON', 'IBAN_CODE', 'DATE_TIME']"
"Transaction #996056:
- Client : Charles Weiss
- Montant : 2097 MAD
- Destinataire : IBAN FR8192256726917510430682092
- Date : 2025-01-18","['PERSON', 'IBAN_CODE', 'DATE_TIME']"
"Transaction #579162:
- Client : Virginie Moreau
- Montant : 5311 MAD
- Destinataire : IBAN FR3876509090602469471046222
- Date : 2025-04-09","['PERSON', 'IBAN_CODE', 'DATE_TIME']"
"Contrat de location :
- Locataire : Adélaïde Collet
- CIN : PR93911
- Téléphone : +212650213443
- Adresse : 50, rue Claude Auger, 84678 Gérard
- Email : le-gallyves@example.net","['PERSON', 'ID_MAROC', 'PHONE_NUMBER', 'LOCATION', 'EMAIL_ADDRESS']"
